-- phpMyAdmin SQL Dump
-- version 4.2.7.1
-- http://www.phpmyadmin.net
--
-- Gostitelj: 127.0.0.1
-- Čas nastanka: 23. mar 2015 ob 16.50
-- Različica strežnika: 5.6.20
-- Različica PHP: 5.5.15

SET SQL_MODE = "NO_AUTO_VALUE_ON_ZERO";
SET time_zone = "+00:00";


/*!40101 SET @OLD_CHARACTER_SET_CLIENT=@@CHARACTER_SET_CLIENT */;
/*!40101 SET @OLD_CHARACTER_SET_RESULTS=@@CHARACTER_SET_RESULTS */;
/*!40101 SET @OLD_COLLATION_CONNECTION=@@COLLATION_CONNECTION */;
/*!40101 SET NAMES utf8 */;

--
-- Zbirka podatkov: `sportnews`
--

-- --------------------------------------------------------

--
-- Struktura tabele `kategorije`
--

CREATE TABLE IF NOT EXISTS `kategorije` (
`id_kategorija` int(11) NOT NULL,
  `kategorija` varchar(35) COLLATE utf8_slovenian_ci NOT NULL
) ENGINE=InnoDB  DEFAULT CHARSET=utf8 COLLATE=utf8_slovenian_ci AUTO_INCREMENT=6 ;

--
-- Odloži podatke za tabelo `kategorije`
--

INSERT INTO `kategorije` (`id_kategorija`, `kategorija`) VALUES
(1, 'Nogomet'),
(2, 'Košarka'),
(3, 'Rokomet'),
(4, 'Hokej'),
(5, 'Tenis');

-- --------------------------------------------------------

--
-- Struktura tabele `novice`
--

CREATE TABLE IF NOT EXISTS `novice` (
`id_novica` int(11) NOT NULL,
  `naslov` varchar(255) COLLATE utf8_slovenian_ci NOT NULL,
  `besedilo` varchar(9999) COLLATE utf8_slovenian_ci NOT NULL,
  `datum` date NOT NULL,
  `ogledi` int(11) NOT NULL DEFAULT '0',
  `id_kategorija` int(25) NOT NULL,
  `yt` varchar(100) COLLATE utf8_slovenian_ci DEFAULT NULL,
  `slika` varchar(100) COLLATE utf8_slovenian_ci DEFAULT NULL
) ENGINE=InnoDB  DEFAULT CHARSET=utf8 COLLATE=utf8_slovenian_ci AUTO_INCREMENT=26 ;

--
-- Odloži podatke za tabelo `novice`
--

INSERT INTO `novice` (`id_novica`, `naslov`, `besedilo`, `datum`, `ogledi`, `id_kategorija`, `yt`, `slika`) VALUES
(1, 'Juve rešuje čast Serie A; pet let od zadnjega italijanskega polfinala', '<p>V 90. letih je bila italijanska liga najmočnejša na svetu, za naslov državnega prvaka se je borilo kar sedem klubov, ki so jih mediji imenovali "Sedem sester". Juventus, Milan, Inter, Roma, Lazio, Parma in Fiorentina niso bili uspešni samo na Apeninskem polotoku, izjemno močni so bili tudi na vseh evropskih frontah. Med leti 1989 in 1998 je vsako leto v finalu Lige prvakov zaigral vsaj en italijanski klub, trikrat je bil na koncu prvak AC Milan (z Arrigom Sacchijem in nato Fabijem Capellom), še dvakrat v tem obdobju je v finalu izgubil, enkrat je bil najboljši tudi Juventus, še dvakrat pa je v finalu klonil v prvi eri Marcela Lippija na klopi Stare dame.</p>\r\n\r\n<p>V finalu je zaigrali še Sampdoria, italijanski klubi pa so zmagovali tudi v finalu Pokala UEFA : Interju je to v 90. letih uspelo kar trikrat, po dvakrat pa še Juventusu in Parmi. Toda; slika je 20 let pozneje povsem drugačna; Serie A je vrsto let v zatonu, liga je izgubila privilegij štirih mest v skupinskem delu Lige prvakov, zadnja evropska lovorika je stara že 5 let, ko je Inter v finalu Lige prvakov na Bernabeu premagal Bayern. Tudi letos sta v elitnem tekmovanju sodelovala samo dva kluba, Juve in Roma, toda Rimljanom se ni uspelo uvrstiti v izločilne boje. Po dolgih letih sicer Italijani končno znova bolj resno jemljejo Evropsko ligo, saj se je kar pet klubov uvrstilo v osmino finala, kjer jim po prvih srečanjih kaže polovično uspešno, toda to ne spremeni dejstva, da imajo Italijani med evropsko elito samo Juventus. Bo po gostovanju nocoj na Westfalnu še tako? Odgovor izveste od 19:45 dalje na programu SK 1!</p>\r\n\r\n<p>Če bi Borussia Dortmund nocoj izločila Juventus, bi bili Italijani drugič zapored brez svojega predstavnika v četrtfinalu in peto leto zapored brez predstavnika v polfinalu. Kriza italijanskega nogometa je sicer še globlja, če pogledamo natančneje; od Milanovega zmagoslavja leta 2007 je v osmih letih samo še Inter pod taktirko Joseja Mourinha zaigral v polfinalu, na poti do končnega zmagoslavja.</p>\r\n\r\n<p>Juventus je v 90. letih kar trikrat zapored igral finale Lige prvakov, na vseitalijanskem dvoboju na Old Traffordu nato še enkrat leta 2003 proti Milanu, toda v zadnjih letih serijski prvak dlje od četrtfinala ni mogel ... Leta 2013 je četa Antonia Conteja po neprepričljivi predstavi izločila Celtic v osmini finala in nato izgubila proti Bayernu, lani pa neslavno izpadla v skupinskem delu. Letos ima Stara dama novega trenerja, Massimilano Allegri pa se zaveda, da bo treba v Dortmundu za preboj dejansko igrati in zabiti kakšen zadetek.</p>', '2015-03-18', 11, 1, 'https://www.youtube.com/watch?v=yMA02cCJ_6s', 'http://c.smimg.net/14/37/640x480/juventus.jpg'),
(2, 'Za Kamplom in druščino stoji Rumeni zid, najbolj glasna tribuna na svetu', '<p>Juventus je morda v rahli prednosti pred povratno tekmo osmine finala Lige prvakov, potem ko je prvo tekmo pred domačimi gledalci dobil z rezultatom 2:1, toda danes ga čaka še gostovanje na Westfalnu, največjemu stadionu v Nemčiji, kjer bo tekmo spremljalo skorajda še enkrat več gledalcev, kot v Torinu. Toda ni velikost stadiona, ki najbolj buri duhove, ne samo v Nemčiji, v zadnjih letih tudi drugod po svetu, seveda sorazmerno z vzponom kluba kot evropske sile. Na bundesligaških tekmah že desetletja pred vsako tekmo deluje t.i. Rumeni zid na južni tribuni stadiona, ki pripravi peklensko vzdušje. Že sama pot nogometašev iz slačilnice skozi črno-rumeni predor na zelenico je peklenska, vedo povedati nogometaši, ki so gostovanje na Singal-Iduna Parku, kot se imenuje zaradi sponzorja, uradno imenuje. V Dortmundu so ob Rumeni zid že dvakrat trčili nogometaši Reala Madrida, pa tudi Arsenal, Malaga, Manchester City in številni drugi. Nocoj bo najbolj glasen stadion na svetu podpiral varovance Jürgena Kloppa na poti do morebitnega preobrata in tretjega zaporednega preboja v četrtfinale, na igrišču pa bodo navijači ponesli tudi Slovenca Kevina Kampla. 24-letnik začenja od prve minute. Ne pozabite, začnem že ob 19:45 ekskluzivno na kanalu SK 1.</p>\r\n\r\n<p>Rumeni zid je tako slaven, da so o njem pred kratkim posneli celo dokumentarni film. Kot pravi njegovi režiser Marc Quambusch, glasnejšega objekta v nogometu ni: "Če pa je, pa mi povejte, kje je?" V zadnjih letih smo izkusili nekaj veličastnih evropskih noči v Dortmundu, toda kot najbolj slavna je šla v anale zmaga nad Realom s 4:1 pred dvema letoma, ko je Robert Lewandowski zabil vse štiri zadetke. Nekdanji nogometaš Manchestra Uniteda Gary Neville, ki zdaj dela kot strokovni komentator za Televizijo SkySports, je pred dvema letoma v svojem blogu zapisal: "Med stotinami tekem, ki sem jih pokrival, prav nobena ne more prekositi vzdušja, ki sem ga izkusil ob zmagi Borussie nad Realom!"</p>\r\n\r\n<p>Južna tribuna, ki bo nocoj glasno stiskala pesti za Kevina Kampla in druščino, je bila zgrajena v začetku 70. let prejšnjega stoletja, ko je bilo na njej sprva prostora za 12 tisoč ljudi, v 90. letih pa so jo povečali na 24 tisoč, saj je Dortmund začel osvajati velike trofeje in je bilo zanimanja vse več tudi drugod po Nemčiji in svetu, ne samo v Porurju.</p>\r\n\r\n<p>Rumeni zid na Westfalnu je torej nemška verzija Kopa na Anfieldu in njegov edini izzivalec v modernem nogometu. Nihče sicer točno ne ve, od kje ime Rumeni zid, nemški mediji pa poročajo, da je bilo ime prvič uporabljeno leta 2005, ko je skupina ultras-navijačev izobesila velik transparent z napisom "Rumeni zid".</p>', '2015-03-05', 9, 1, 'https://www.youtube.com/watch?v=d0rL9dxLQLs', 'http://media.bundesliga.com/media/images/12_bl_com/628x353/b04_bvb_point_kampl_628.jpg'),
(3, 'Primorski trio v studiu Lige prvakov', '<p>Ljubljana - Današnji studio Lige prvakov obeta zanimivo in iskrivo debato. Miha Penko bo nocoj gostil primorska rojaka Dejana Djuranovića in Alfeda Jermaniša. Začnemo ob 19:45!</p>\r\n\r\n<p>Nocoj bomo dobili še zadnja dva udeleženca četrtfinala Lige prvakov. Kdo se bo pridružil PSG, Bayernu, madridskemu Realu, Portu, Monacu in Atleticu iz Madrid? En del odgovora dobite nocoj na SK 1, kjer bomo prenašali povratno tekmo osmine finala med Borussio iz Dortmunda in Juventusom. Italijani so prvo tekmo na domačem igrišču dobili z 2:1, kar obeta pravi spektakel na nabito polni Westfalen Areni.</p>\r\n\r\n<p>Studijski del na Sport Klubu se nocoj začenja ob 19:45, ko bo Miha Penko gostil Dejana Djuranovića in Alfreda Jermaniša. Primorski trio (tako voditelj kot oba gosta prihajajo iz bolj sončnega dela naše države) bo zagotovo poskrbel za primerno vzdušje pred selitvijo v Dortmund, kjer že sedaj vlada obsedeno stanje. Kevin Kampl in soigralci bodo brez dvoma imeli glasno podporo s tribun.</p>\r\n\r\n<p>Ob dveh atraktivnih gostih smo za vas tudi tokrat pripravili nekaj zanimivih prispevkov. Srečko Ferlež se je pogovarjal z nogometnim agentom Marcelom Kačinarijem, ki je kot odlični poznavalec italijanskega nogometnega trga razkril nekaj podrobnosti o sami Serie A in tako imenovanem calciu. Sebastijan Smodiš je pripravil primerjavo med obema nocojšnjima nasprotnikoma, Boštjan Belčič pa se je posvetil predvsem nemškemu klubu, za katerega od januarja nastopa tudi slovenski zvezdnik Kampl. Pozabili nismo niti na nedavno novinarsko konferenco slovenskega selektorja Srečka Katanca, ki je seveda kar nekaj zanimivega povedal ravno o nekdanjem članu Salzburga.</p>\r\n\r\n<p>Brez dvoma vas čaka pestro dogajanje, ki ga ne gre zamuditi. Pridružite se nam ob 19:45, na Westfalen Areno pa se ob komentarju Gorana Obreza selimo nekaj minut pred 20:45!</p>', '2015-03-18', 7, 1, '', 'https://thevpn.guru/wp-content/uploads/2014/06/champions-league-watch-online-free-dns-vpn-proxy.jpg'),
(4, 'Iličić z zadetkom začinil Katančev vpoklic', 'Ljubljana - Selektor reprezentance Srečko Katanec je pred dnevi napovedal, da se Josip Iličić vrača v slovenski dres, slednji pa je na prvi tekmi 1/8 finala Evropske lige potrdil smotrnost njegove odločitve. Kranjčan je z izjemnim zadetkom zabil edini zadetek Fiorentine ob remiju z Romo (1:1). Naslednji četrtek ob 19:00 ekskluzivno na SK 3 povratni obračun iz večnega mesta!\r\n\r\nJosip Iličić po burnih preteklih mesecih v zadnjem času iz tekme v tekmo igra bolje. Odlično formo je potrdil tudi na prvi tekni 1/8 finala Evropske lige proti Romi, ko je odlično igro kronal z zadetkom v 17. minuti. Daniele De Rossi si je privoščil veliko napako, okroglo usnje podal točno na nogo Mohamedu Salahu, ki je potegnil proti kazenskemu prostoru in podaljšal do Iličića, ki je zaključil z lepim strelom na prvo vratnico. Vratar Rome Lukasz Skorupski ni imel nobenih možnosti.\r\n\r\n"Želeli smo si zmage, a nam ni uspelo, toda tega obračuna še ni konec. Pred nami je še 90 minut, lahko se zgodi karkoli. Igramo samozavestno, v Rim grem po zmago. Že na prvi tekmi smo pokazali, da smo močna ekipa," je bil zadovoljen Kranjčan in dodal: "Vedno sem na voljo trenerju. Vesel sem, da sem ostal tukaj in vsakokrat želim dati od sebe 100 odstotkov za Fiorentino."\r\n\r\nRoma je imela v 60. minuti izjemno priložnost za izenačenje, ko je vratar vijoličastih Neto v kazenskem prostoru podrl Juana Manuela Iturbeja, a je Adem Ljajić preslabo streljal in zapravil najstrožjo kazen. Sinovi volkulje so do izenačenja prišli v 77. minuti, ko je po podaji Alessandra Florenzija z glavo zadel Seydou Keita.', '2015-03-20', 0, 1, 'https://www.youtube.com/watch?v=xlmh3KFXsYA', 'http://www.sportklubtv.si/vesti/3400/465994982.jpg'),
(5, 'Van Gaal: Premagali smo sami sebe', 'Ljubljana - Po Aston Villi si je polfinale Pokala FA zagotovil še Arsenal, ki si je mesto med najboljšimi štirimi zagotovil s prvo zmago na Old Traffordu po devetih letih. Veliki junak nekdanji rdeči vrag Danny Welbeck, Angel Di Maria pa glavni osmoljenec.\r\n\r\n"Že v slačilnici sem dejal, da smo jim podarili zmago in to je največje razočaranje. V drugem polčasu smo imeli prvo priložnost, vendar smo jim nato hitro pustili, da se vrnejo v tekmo," je po grenkem porazu proti Arsenalu dejal trener Manchester Uniteda Louis Van Gaal. Topničarji so na Old Traffordu slavili prvič po 17. septembru 2006, ko so bili uspešnejši z 1:0, in ohranili možnosti, da ubranijo naslov v najstarejšem nogometnem tekmovanju na svetu.\r\n\r\nObračun je bolj odprl Arsenal. V 25. minuti je akcijo začel Mesut Ozil, žogo podaljšal do Alexa Oxlada Chamberlaina, ki je nato podal do Nacha Monreala, slednji pa je z levico zadel za vodstvo z 0:1. Veselje gostov je trajalo le štiri minute. Angel di Maria je z desne strani podal pred vrata, kjer je bil z glavo natančen Wayne Rooney. Trenutek odločitev je prišel v 61. minuti. Antonio Valencia je medlo podal proti vratarju Davidu de Gei, nastalo zmedo pa je izkoristil nekdanji rdeči vrag Danny Welbeck, ki je žogo porinil mimo španskega vratarja, nato pa zadel v prazno mrežo.\r\n\r\nSrečanje je v zaključku še dodatno začinil Di Maria. Argentinec je v 76. minuti zaradi simuliranja sprva prejel rumeni karton, kmalu zatem pa po živčni reakciji za majico povlekel sodnika Michaela Oliverja, ki seveda ni veliko razmišljal in mu pokazal še eno opozorilo rumene barve ter pot v slačilnico. "Pred tekmo sem dejal, da je naš cilj priti med najboljše štiri v državnem prvenstvu. Lepo pa bi bilo, če bi osvojili tudi kakšno lovoriko. Dali smo vse od sebe, toda zapravili priložnosti. Premagali smo sami sebe," je bil jezen Van Gaal, ki ni bil preveč navdušen niti nad potezo Di Marie: "Dokler je igral v Španiji je vedel, da se ne sme dotikati sodnika. Ni nobenega opravičila za njegov rdeči karton. Od njega to ni bilo najbolj pametno."\r\n\r\nWelbeck: Težko je bilo izločiti United\r\n"United je klub, ki mi veliko pomeni. Sem njihov navijač in težko mi jih je bilo izločiti. Šlo je za to, da ostanem profesionalen, ostanem osredotočen in motiviran- Ves čas sem se trudil, nato sem prestregel podajo Valencie in premagal De Geo ter zabil zmagoviti gol," je bil po zmagovitem zadetku zadovoljen Welbeck, medtem ko je Arsene Wenger dodal: "Odigrali smo odlično tekmo in na koncu zasluženo zmagali. Stojimo trdno na nogah, želimo osvojiti vse lovorike. Ta zmaga nam je dala tudi samozavest za prvenstvo in Ligo prvakov."\r\n\r\nArsenal se bo v polfinalu pomeril z boljšim iz dvoboija Bradford vs. Reading, za drugo finalno vstopnico pa se bo Aston Villa pomerila z zmagovalcem ponovljenega obračuna med Liverpoolom in Readingom.', '2015-03-21', 0, 1, NULL, 'http://www.sportklubtv.si/vesti/3372/di_maria_getty_images.jpg'),
(6, 'Dragić in Wade pokvarila vrnitev Jamesa v Miami', 'Ljubljana - Miami Heat je po zaslugi Dwayanea Wada in Gorana Dragića znova na 8. mestu Vzhodne konference lige NBA, potem ko je bila vročica s 106:92 boljša od Clevelanda LeBrona Jamesa.\r\n\r\nDwayane Wade je ob zmagi dosegel 32 točk (kar 21 v prvem polčasu), Goran Dragić se je ob devetih podajah ustavil pri 20, medtem ko povratnik v moštvo Miamija Zoran Dragić ni dobil priložnosti za igro. Pri Clevelandu je bil najučinkovitejši LeBron James s 26 točkami, vendar je ob povratku na Florido ostal praznih rok. Vročica je sredi tretje četrtine vodila že za 25 točk in brez večjih težav prišla do 30. zmage v sezoni.\r\n\r\nMiami na Vzhodu vse do konca rednega dela čaka ogorčen boj za končnico. Indiana, Miami in Boston so na 7., 8. in 9. mestu izenačeni z izkupičkom 30-36, medtem ko je tudi Charlotte zelo blizu (29-36).\r\n\r\nV boju za končnico veliko bolje kaže Memphisu Bena Udriha, ki na Zahodu drži drugo mesto. Grizliji so sinoči z 92:81 ugnali Denver, Udrih je v 24 minutah dosegel devet točk, pet skokov in dve podaji.', '2015-03-21', 0, 2, 'https://www.youtube.com/watch?v=e03DofnaOK0', 'http://www.sportklubtv.si/vesti/3425/466555184.jpg'),
(7, 'Olimpiakos na vročem derbiju gosti Fenerbahče', 'Še pred tedni se je to zdelo nemogoče, toda v skupini F se bosta nocoj za vrh med seboj na vročem grško-turškem dvoboju udarila Olimpiakos in Fenerbahče, čeprav je do nedavnega prvo mesto držal prepričljivi moskovski gigant CSKA. Olimpiakos je po devetih krogih v skupini na vrhu z osmimi zmagami in enim samim porazom, medtem ko je s sedmimi zmagami in dvema porazoma Fenerbahče na drugem mestu. Grki so letos carigrajsko moštvo že premagali v gosten v Ülker Areni z rezultatom 74:86 16. januarja v 3. krogu drugega dela tekmovanja. Zmaga bo za oba kluba nocoj izjemnega pomena, saj niti še CSKA ni odpisan iz bitke za prvo mesto (ima sedem zmag in dva poraza), boljša končna uvrstitev v skupini pa v izločilnih bojih kakopak prinaša na papirju lažjega nasprotnika. Fenerbahče gre sicer v tekmo s popotnico ponedeljkoveg poraza na velikem mestnem derbiju z Galatasarayjem v domačem prvenstvu, pa čeprav je "Gala" odigral praktično s šestimi igralci. Olimpiakos je ravno nasprotno v vrhunski formi in je dobil zadnje tri obračune s Fenerbahčejem pred domačimi gledalci v Pireju. Glavna naloga Turkov nocoj bo ustavljanje Vasilisa Spanulisa, saj je glavni vodja Rdečih na parketu. Spanulis ponavadi dobiva veliko pomoči po krilih, kjer so nevarni Kostas Sloukas, Matt Lojeski in Tremmel Darden, kaj lahko stori Fener, pa izveste nocoj na našem drugem programu SK 2, prenos se bo začel ob 20:45!\r\n\r\n\r\nGRKI MORAJO USTAVITI GOUDELOCKA IN BOGDANOVIĆA\r\n\r\nSloukas in Spanulis se bosta nocoj na parketu zoperstavila dvema ostrostrelcema Fenerbahčeja, ki sta v odlični formi; Andrewu Goudelocku in Bogdanu Bogdanoviću. Darden in Lojeski se bosta po drugi strani zoperstavila Nemanji Bjelici, enemu najboljših napadalcev na svoji poziciji. Trener gostov Željko Obradović ima v napadu pod obročem sicer precej opcij, saj lahko računa tudi na takšna imena, kot so Oguz Savas, Luka Zorić, Semih Erden in Jan Vesely. Pri Olimpiakosu je poškodovan Brent Petway, zato si bosta nocoj minutažo na parketu razdelila Georgios Printezis in Othello Hunter, ki se bosta zoperstavila Bjelici in Veselemu.\r\n', '2015-03-21', 0, 2, NULL, 'http://www.sportklubtv.si/vesti/3402/457058246.jpg'),
(8, 'V skupini F CSKA še računa na prvo mesto, čaka ga Efes', 'Košarkarski navdušenci boste lahko nocoj na Sport Klubu spremljali dve izjemno zanimivi tekmi desetega kroga v drugem delu Evrolige, saj se bosta v skupini F poleg Olimpiakosa in Fenerbahčeja "udarila" še CSKA in Anadolu Efes. Moskovčani so bili do nedavnega edina neporažena ekipa Evrolige, potem so pred tedni najprej izgubili v Dvorani miru in prijateljstva v Pireju proti Olimpiakosu, nakar jih je 27. februarja sredi Moskve z rezultatom 81:75 ugnal še Fenerbahče. Ruski velikan je padel na tretje mesto skupine F, a ima ob sedmih zmagah in samo dveh porazih še vedno možnosti, da se prebije na končno prvo mesto, najprej pa mora nocoj opraviti s turškim nasprotnikom Efesom ... Če CSKA zmaga, bo štiri kroge pred koncem drugega dela sezone že potrdil svojo uvrstitev v končnico. Tekma je enako pomembna tudi za Turke, ki se trenutno s petimi zmagami in štirimi porazi oklepajo četrtega mesta v skupini, glavno grožnjo pa jim v bitki za končnico predstavljata Laboral Kutxa in Nižji Novgorod. Ekipi sta se sicer že pomerili 15. januarja v tretjem krogu tekmovanja, ko je bil CSKA v Ipekči Areni v Carigradu boljši z 78:69. To bo že deseto srečanje med omenjenima ekipama v ruski prestolnici; CSKA je dobil sedem tekem, samo dvakrat v preteklosti pa je izgubil. Tekmo si lahko v neposrednem prenosu ogledate na programu SK 3 ob 18. uri!\r\n\r\nNENAD KRSTIĆ SE VRAČA V MOSKVO\r\n\r\nKošarkarski poznavalci menijo, da bo nocoj ključ do zmage vsiliti svoj tempo igre nasprotniku ... CSKA bo poizkušal v visokem ritmu, saj ima v Milošu Teodosiću in Aaronu Jacksonu prava igralca za to nalogo, ravno nasprotno pa bodo v dresu Efesa skušali doseči Thomas Heurtel, Dontaye Draper in Dogus Balbay. Nocoj bo v središču pozornosti tudi Nenad Krstić, ki se vrača v Moskvo, kjer je bil dvakrat izbran v prvo peterko Evrolige. Efes ima dolgo in kvalitetno klop, saj lahko svoje na parketu prispevajo tudi igralci, kot so Victor Krijapa, Andrej Voroncevič in Sasha Kaun. Perperogluja čaka težko delo proti Andreju Kirilenku, Osman pa ne bo imel ravno najlažjega dela proti Sonnyju Weemsu. CSKA ima precej opcij na krilih, kjer blestita še Vitalij Fridzon in Nando de Colo.\r\n\r\n\r\nANADOLU EFES OSVOJIL TURŠKI POKAL\r\n\r\nTrener CSKAja Dimitris Itudis se zaveda pomembnosti tekme: "To je obračun, ki bo za nas kot finale. Efes ima izjemne atlete v svojih vrstah, tekme začenjajo silovito, v visokem tempu. Hkrati so izjemno agresivni v obrambi, igralci si med seboj organizirano pomagajo. Imajo tudi odličnega trenerja, v Turškem pokalu so v finalu že premagali Fenerbahče. Čaka nas eden težjih dvobojev v letošnji sezoni."\r\n\r\nTudi trener Anadoluja Efesa Dušan Ivković spoštuje svojega na klopi CSKAja in samo ekipo: "CSKA je prvič v sezoni izgubil doma, zato nam bo še toliko težje, saj bodo poizkušali popraviti slab vtis s tekme proti Fenerbahčeju. Rusi imajo zelo uravnoteženo moštvo, zagotovo nas čaka dobra in razburljiva tekma!"', '2015-03-21', 0, 2, NULL, 'http://www.sportklubtv.si/vesti/3404/183602890.jpg'),
(9, 'Dragić z dvojnim dvojčkom Miami popeljal do nove zmage', 'Ljubljana - Goran dragić se je odlično znašel v dresu Miamija, za katerega je ob zmagi proti Portlandu s 108:104 dosegel 20 točk in 11 podaj. Prvi strelec z 32 točkami znova Dwayane Wade.\r\n\r\nPrvi zvezdnik vročice Dwayane Wade je 13 sekund pred koncem tudi dosegel odločilni koš, s katerim je Miami popeljal v vodstvo, končni izid pa postavil s črte prostih metov. Ob Wadu je v dresu ekipe iz Floride blestel tudi slovenski reprezentant Goran Dragić, ki je v 39 minutah na parketu dosegel 20 točk, 11 podaj (rekord pri Miamiju) in tri skoke. Za Ljubljančana je bil to drugi dvojni dvojček v dresu Miamija. Ob Dragiću in Wadu je bil za zmago najzaslužnejši še Luol Deng s 24 točkami. Zoran Dragić tudi tokrat ni dobil priložnosti za igro. Pri Portlandu je bil s 34 točkami in 12 skoki najučinkovitejši LeMarcus Aldridge.\r\n\r\nMiami je z zmago skočil na sedmo mesto na Vzhodu, a ga vseeno vse do konca rednega dela čaka napet boj za končnico, saj Boston, Indiana in Charlotte niso daleč.', '2015-03-21', 0, 2, 'https://www.youtube.com/watch?v=qmAcm_-b2fY', 'http://www.sportklubtv.si/vesti/3442/dragic_miami_getty_images_2.jpg'),
(10, 'Wade: Z igralcem, kot je Goran je vse lažje', 'Ljubljana - Miami je po zmagi proti neposrednemu tekmecu Brooklynu znova med najboljšo osmerico na Vzhodu in dobri poti v končnico lige NBA. Goran Dragić je bil s 17 točkami tretji strelec vročice.\r\n\r\nPotem ko je izpustil zadnji dve tekmi zaradi bolečin v hrbtu, je Goran Dragić proti Brooklynu Miami znova vrnil na zmagovito pot. Slovenski kapetan je ob pomembni zmagi s 104:98 v 35 minutah dosegel 17 točk in dodal še tri podaje, dve ukradeni žogi in skok. Od Dragiću sta bila pri Miamiju uspešnejša le prvi zvezdnik ekipa Dwayane Wade z 28 točkami in center Chris Anderson z 18. Pri poražencih sta bila z 18 točkami najučinkovitejša Derron Williams in Jarrett Jack.\r\n\r\nZaradi poraza Charlotta proti Sacramentu se je Miami v Vzhodni konferenci znova prebil na osmo mesto, vseeno se vročici obeta še hud boj za končnico vse do konca rednega dela. "Vsi smo bojevniki in usmerjeni proti istemu cilju. Ne smemo si dovoliti, da bi izpustili veliko tekem. Pripravljeni smo, čeprav imamo bolečine. To vse pove o naši ekipi," je po zmagi proti neposrednemu tekmecu za končnico dejal Dragića, Wade pa je dodal: "Na začetku sem organiziral akcije za soigralce in jim omogočal mete. Končno sem tudi sam prišel v ritem. Veliko lažje je, če imaš ob sebi igralca, kot je Goran. Veliko se pogovarjava in se zelo dobro ujameva."', '2015-03-21', 0, 2, 'https://www.youtube.com/watch?v=kn1ckVOXlhw', 'http://www.sportklubtv.si/vesti/3395/465923644.jpg'),
(11, 'Velenjčani proti neznanim Norvežanom po prvo zmago', 'Ljubljana - Rokometaši velenjskega Gorenja bodo po dramatični zmagi proti Škofjeločanom v državnem prvenstvu pozitivni niz poskušali nadaljevati v soboto, ko ob 20:30 v Rdeči dvorani v 2. krogu pokala EHF gostijo norveški Haslum. Obračun os proti "neznancem" iz severa stare celine v soboto od 20:30 naprej spremljajte ekskluzivno na SK 1!\r\n\r\n"Gre za tipično skandinavsko ekipo z obrambo 6-0 in hitrimi protinapadi. V napadu imajo nekaj uigranih akcij, poleg tega pa veliko uporabljajo strele s tal. Lahko bi rekli, da igrajo podobno kot mi," je pred prvo domačo tekmo v pokalu EHF dejal trener Gorenja Ivan Vajdl. Čeprav Haslum velja za neznanko, je velenjskemu štabu le uspelo dobiti nekaj informacij o tej severnjaški ekipi. Vajdl je izmed vseh izpostavil Erlanda Mamelunda in Andersa Roeja, ki veljata za najizkušenejša igralca.\r\n\r\nGorenje tudi tokrat največ stavi na trdno obrambo. "Nihanja so pričakovana, a vseeno ne razumem teh padcev, sploh pri ekipah, proti katerim smo favoriti. Tekma proti Škofji Loki (Gorenje je slavilo z zadetkom Michala Szyba v zadnjih sekundah, op. p.) je dokaz tega in mislim, da si fantje v soboto ne bodo dovolili tega," je prepričan Vajdl.\r\n\r\nVelenjčani po uvodnem porazu proti Hamburgu tokrat računajo na prvi par točk. Dodatni optimizem vliva tudi pogled na zdravniški karton, ki je praktično prazen: "Počasi se vrača Kristian Bećiri, tudi Nejc Cehte, ki je na tekmi proti Ormožu delno obnovil poškodbo, prihaja v pogon. Edini, ki je za soboto pod vprašajem, je Marko Dujmovič, ki je zbolel in upamo, da bo pravi čas nared, da se nam pridruži."\r\n\r\n"V Nemčiji smo začeli odlično in iz tega je tudi izhajala naša prednost. Prepričan sem, da se lahko s takšno obrambo in pristopom postavimo po robu vsaki ekipi. To mora biti naš cilj. K temu moramo stremeti, in če v soboto ponovimo vse to, potem ne vidim razloga, zakaj se ne bi veselili prvih dveh točk," je dejal kapetan Niko Medved, medtem ko je eden glavnih velenjskih adutov Mario Šoštarič dodal: "Norveške ekipe imajo fizično močne igralce, zato v soboto pričakujem konkretno ekipo.  Čakal nas bo trd boj, a če bomo pravi, če se ne bo nihče spogledoval z zdravniško službo, potem sem prepričan, da bomo uspešni. Včeraj je bil za nas rdeči alarm. Do konca sezone imamo še precej težkih tekem in takšne igre si ne smemo privoščiti. En kiks te na koncu lahko stane prvenstva, zato je pomembno, da najdemo konstantnost in ne da se nam dogajajo nihanja v igri."', '2015-03-21', 0, 3, NULL, 'http://www.sportklubtv.si/vesti/3263/gorenje_sostaric_fb.jpg'),
(12, 'Katarcem 32 milijonov, stanovanje in Maserati', 'Ljubljana - Medtem ko Slovenci še vedno celijo rane po visokem porazu s Francozi, Katarci slavijo zgodovinsko uvrstitev v polfinale svetovnega prvenstva v rokometu. Katarska tujska legija si bo za izjemen uspeh med seboj razdelila 32 milijonov evrov, ob tem pa bo vsak igralec dobil še novo stanovanje in Maseratija.\r\n\r\nDo pred kratkim rokometno povsem neznani Katar je izkoristil vse svoje bogastvo in za nastop na domačem svetovnem prvenstvu dobesedno kupil več kot pol ekipe. Katarci so čez noč postali tudi Danijel Šarić, Žarko Marković, Goran Stojanović, Jovo Damjanović, Eldar Memišević (igralci iz področja nekdanje skupne države), Kubanec Rafael Capote in Španec Borja Vidal.\r\n\r\nNi jih malo, ki pravijo, da to nima nobene prave povezave s športom in verjetno imajo tudi prav. Uradni jezik domačinov je pravzaprav angleščina, ekipa zbrana iz vseh vetrov pa svoje "nove" domovine ni pustila na cedilu. Po odličnih igrah v predtekmovanju in osmini finala so v četrtfinalu strli še odpor Nemcev, od finala pa jih loči zgolj krvnik Hrvatov, Poljska.\r\n\r\nNa krilih 15 tisoč gledalcev so Katarci leteli po igrišču, za veliko zmago pa dobili več kot primerno nagrado. Igralci si bodo med seboj razdelili za rokometne razmere neverjetnih 32 milijonov evrov, vsak izmed junakov pa bo dobil še stanovanje in Maseratija. Ni slabo ...', '2015-03-21', 0, 3, NULL, 'http://www.sportklubtv.si/vesti/3108/461574600.jpg'),
(13, 'Odločeni Celjani: V Zlatorogu nikomur ne bo lahko', 'Ljubljana - Najuspešnejši slovenski rokometni kolektiv iz Celja v novo sezono odhaja z nekoliko spremenjeno podobo, a istimi cilji. Doma želijo ohraniti primat, v Ligi prvakov (znova jo boste spremljali na programih Sport Kluba) pa se znova prebiti najmanj v osmino finala.\r\n\r\nCeljani so predstavitev ekipe pred začetkom nove sezone opravili na strehi prenovljenega hotela Celeia. Nekje pod nebom oziroma na vrhu želijo biti tudi ob koncu sezone. Pivovarji želijo na domači sceni ubraniti državni in pokalni naslov, tudi v Ligi prvakov pa v eni najtežjih skupin (Veszprem, Vardar, Rhein Neckar Lowen, Montpellier in Čehovski medvedi) ne želijo igrati le obrobne vloge.\r\n\r\nEkipa je doživela lepo število sprememb, novincev je osem: Urh Kastelic, Šime Ivić, Gal Marguč, Jaka Malus, Miha Zarabec, Tilen Kodrin, Živan Pešić in Michal Kasal.\r\n\r\n"Zadovoljen sem z opravljenim delom v času priprav, za kar sem hvaležen mojim sodelavcem v strokovni ekipi, kot tudi fantom, ki so opravili svoje delo, tako kot se od njih pričakuje. Tu so dobro delali vsi po vrsti, od staroselcev do novincev, ki so se dobro vklopili v naš kolektiv. Čaka nas dolga sezona v malce spremenjeni obliki domačega tekmovanja, ko prvi del sezone nekoliko izgublja na atraktivnosti, saj se bo o vsem odločalo v aprilu, oziroma maju, nekatere ekipe pa si bodo lahko privoščile tudi kakšen spodrsljaj. Nas na drugi strani čaka naporno tekmovanje v ligi prvakov, kjer se bomo predstavili z najmlajšo ekipo v zgodovini celjskega rokometa, ki pa zaradi tega ni manj kvalitetna. Za vse nas je privilegij biti v takšnem klubu kot je Celje Pivovarna Laško in tako mora biti za vsakega posameznika, igralca. Cilji tu so vedno visoki, najvišji in prav je tako. Vsi igralci, ki so prišli k nam, so sem pripeljani z razlogom, zato ker verjamemo vanje in ker so sposobni uresničiti vse cilje, ki smo si jih postavili ter poseči po najvišjih mestih," je delo pred začetkom sezone povzel trener Branko Tamše in dodal: "Želim, da stopnjujejo našo formo, zavedam se da bo prihajalo do nihanj, ampak s treningom se bomo trudili, da jih zajezimo kar najhitreje, verjamem, da bomo pri tem uspešni in da bodo naši igralci hitro napredovali. Vsi že vedo, da pri meni ni kalkulacij in da sam med domačim prvenstvom in ligo prvakov ne bom delal razlik. Maksimalen pristop pričakujem na vsaki naši tekmi. Zato za nas sezona kljub spremenjenemu domačemu tekmovanju ne bo bistveno drugačna v smislu priprave na tekme. Naša največja konkurenta se bosta z Evropo začela ukvarjati malce kasneje in imata malce več časa za piljenje forme, mi moramo to doseči hitreje, saj se že konec meseca začenja liga prvakov. Tu lahko rečem, da ne glede na našo mladost, nobeni od zvezdniških ekip ne bo lahko v Zlatorogu. Naš motiv je dati vedno vse od sebe, »umreti« na igrišču za naš cilj in prikazati všečen rokomet ter na koncu zbrati čim več točk in zasesti mesta, ki si jih želimo. Z roko v roki z okoljem in našimi navijači se teh uspehov lahko nadejamo, verjamem, da se lahko kosamo z vsakim in veselimo se začetka sezone."\r\n\r\nCeljani so po zmagi na teniškem stadionu v Portorožu proti SVIŠ-u iz Ivančne Gorice v vitrine že pospravili prvo lovoriko za zmago v superpokalu. A tisti najpomembnejši boji šele prihajajo. "Kar nekaj igralcev je novih, a se to praktično ne vidi. Vsi so se odlično vklopili v naše delo in verjamem, da jim je tudi življenje v Celju prijetno. Za nami so zelo dobre priprave, vsekakor pa v tem trenutku še nismo na tistem nivoju, kot si vsi želimo, a takrat ko bo to potrebno pokazati na igrišču, bomo to tudi pokazali. Naša pričakovanja so visoka, želimo si biti na vrhu, zavedamo pa se, da se bomo morali za to pošteno potruditi, a za to smo tukaj. Prva lovorika je že naša, sedaj pa nas čaka še začetek sezone v domači ligi. Verjamem, da bomo že ob začetku dobro napolnili dvorano, zato že sedaj vabim vse navijače, da se nam na otvoritvi sezone v soboto pridružijo v Zlatorogu, da spoznajo nove igralce, naše nove drese in da skupaj pozdravimo naše mlade olimpijce, ki so osvojili zlato na Kitajskem," se kapetan in eden od stebrov ekipe Luka Žvižej nadeja kar čim bolj uspešne sezone.', '2015-03-21', 0, 3, NULL, 'http://www.sportklubtv.si/vesti/2247/celje_pl_fb_katic_2.jpg'),
(14, 'Krimovke v sezono z visokimi cilji', 'Ljubljana - Rokometašice Krim Mercatorja so že začele s pripravami na novo sezono, v kateri želijo ohraniti primat na domačem parketu, visoke cilje imajo tudi v elitni Ligi prvakov.\r\n\r\nPo lanski stresni sezoni, ki so jo zaznamovale tudi velike finančne težave, na Krimu že gledajo novim izzivom naproti. Čeprav se je na trenersko mesto vrnila legendarna Marta Bon in je tudi igralski kader doživel nemalo sprememb, se pri najuspešnejšem slovenskem ženskem rokometnem kolektivu nekaj ni spremenilo: rezultatski cilji še naprej ostajajo najvišji. Želja po lovorikah in vrhunskih rezultatih na Krimu ne usiha navkljub težavam.\r\n\r\nPrvi in najpomembnejši cilj klub je kljub temu zagotovitev finančne stabilizacije, ki bo omogočila tudi vrhunske rezultate. "Za letošnjo sezono so naši cilji povsem jasni. Prvi je finančno-organizacijska stabilizacija kluba. Moja velika želja je, da bi zagotovili razmere, v katerih to okolje in klub lahko vzdrži. Upam, da bodo te razmere dovolj dobre, da bodo omogočile tudi rezultatske cilje," je na predstavitvi ekipe dejala Bonova in dodala: "Cilje bomo postavili zelo visoko, to pomeni preboj v drugi del Lige prvakinj, torej najmanj tretje mesto v prvem delu Lige prvakinj. Verjamem, da ga s to ekipo lahko dosežemo. Cilj je seveda tudi osvojitev državnega in obeh pokalnih naslovov. V regionalni ligi si seveda želimo čim boljše uvrstitve, predvsem pa bomo skozi to tekmovanje pridobivali tekmovalne izkušnje."', '2015-03-21', 0, 3, NULL, 'http://www.sportklubtv.si/vesti/2134/krim_krim.jpg'),
(15, 'Celjani pristali v skupini smrti', 'Ljubljana - Aktualni slovenski prvaki iz Celja se bodo v naslednji sezoni Lige prvakov, ki jo boste znova lahko spremljali na programih Sport Kluba, pomerili z Veszpremom, Čehovskimi medvedi, Rhien Neckar Köwenom, Vardarjem in Montpellierjem.\r\n\r\nŽreb na Dunaju rokometašem Celja Pivovarne Laško ni prizanesel. Edini slovenski mpredstavnik v najmočnejšem evropskem klubskem tekmovanju bo nastopal v izjemno zanimivi in težki skupini C, kjer jim bodo družbo delali madžarski Veszprem (Alilović, Sulić, Marguč, Lekai), ruski Čehovski medvedi, nemški Rhein Neckar Lowen, makedonski Vardar (Toskić, Brumen) in francoski Montpellier (Mačkovšek, Gajič).\r\n\r\nLiga prvakov se sicer začenja zadnji teden v mesecu septembru, Celjani pa bodo v uvodnem obračunu v domači dvorani gostili makedonski Vardar, kdaj natančno bo tekma, bo znano v prihodnjih tednih, ko bodo znani tudi ostali termini tekem. Celjani so se z Veszpremom pomerili v skupinskem delu že v zadnjih dveh sezonah, z Rhein Neckarjem v lanski sezoni. \r\n\r\nCeljski trener Branko Tamše skupino ocenjuje kot izjemno močno: "Glede na ekipe, ki so sodelovale v žrebu, je bilo jasno, da ne bo lahkih nasprotnikov. Dobili smo močno in za nas, kot tudi gledalce zelo zanimivo skupino. V njej je kar nekaj ekip, ki imajo ambicije po samem vrhu Evrope, ko ciljajo na sam naslov. Veselimo se tekem z njimi in ko bo čas za to, se bomo nanje maksimalno pripravili, nato pa bomo videli kaj to pomeni na igrišču in kaj lahko pričakujemo ob zaključku skupinskega dela. Če primerjam lansko skupino z letošnjo, so se nekatere ekipe ponovile, mislim pa, da je letošnja vseeno močnejša in še zahtevnejša. A to je za pričakovati in za nas bo iz leta v leto težje, saj proizvajamo igralce, ki jih velikani takoj ko se izpostavijo, premamijo v svoje vrste. Na to smo ponosni in tako bomo delali naprej, vendar to ne pomeni, da ne bomo želeli zmagovati ali da ne bomo zmagovali. Prihajajo vrhunska imena, vendar mi verjamemo v to kar delamo in za kar se trudimo vsak dan. Videli bomo kaj bo to prineslo, vsekakor pa bomo na igrišču pustili svoje srce in se borili za klub, zase in naše navijače."', '2015-03-21', 0, 3, NULL, 'http://www.sportklubtv.si/vesti/1969/celje_pl_fb_katic.jpg'),
(16, 'Muršak in CSKA po tretjo zmago', 'Ljubljana - Končnica lige KHL je v polnem teku, sicer brez zagrebškega Medveščaka, a zato z Janom Muršakom, ki je s CSKA na dobri poti v finale konferenčnega finala. Moskovčane danes čaka tretja tekma polfinala proti Jokeritu - ekskluzivni prenos ob 17:30 na SK 3!\r\n\r\nSodeč po prvih dveh polfinalnih obračunih CSKA z Jokeritom ne bo imel težjega dela. Moskovčani so prvo tekmo dobili s 3:2 (še dobri dve minuti pred koncem tekme so Finci vodili z 1:2!) drugo pa s 4:0 in pred selitvijo na Finsko opravili odlično delo. Pri obeh zmagah je imel prste vmes tudi Jan Muršak. Mariborčan se na prvi tekmi ni vpisal med strelce ali podajalce, na drugi pa zbral dve podaji.\r\n\r\nJokerit ob selitvi serije v Helsinke zagotovo še ni rekel zadnje in bo poskušal vsaj nekoliko podaljšati svoje sanje po uvrstitvi v konferenčni finale.  Finci so že v rednem delu dokazali, da imajo recept za CSKA. V Moskvi so klonili šele po podaljšku, pred svojimi navijači pa slavili tesno zmago z 2:1.\r\n\r\nCSKA v primeru uvrstitve v finale čaka boljši iz dvoboja SKA Dinamo Moskva, kar napoveduje nove izjemne hokejske boje. Na Vzhodni strani sta Bars in Avangard dobila vsak po eno zmago, Sibir pa proti Metallurgu vodi z 2:0.', '2015-03-21', 0, 4, NULL, 'http://www.sportklubtv.si/vesti/3416/mursak_cska_fb.jpg'),
(17, 'Končnica Lige KHL: Lokomotiva proti Dinamu Moskvi', 'V vzhodnoevropski profesionalni hokejski ligi KHL se je pred dnevi začela končnica, v katero pa se niso uvrstili hokejisti zagrebškega Medveščaka, ki so se za osmo mesto na lestvici sicer borili v izjemno močni Zahodni konferenci. Iz vzhodne konference se je v konferenčno četrtfinale uspelo uvrstiti sedmim ruskim ekipa in Baris iz Kazahstana, medtem ko na zahodu šestim ruskim moštvom družbo delata Jokerit s Finske in Dinamo Minsk. Medveščak je sicer sezono končal na 13. mestu, zbral pa je samo 17 zmag na skupno 60 tekmah rednega dela. Končnica se v KHLu sicer že igra, najbolj zanimivo pa bo danes na obračunu med Lokomotivo Jaroslavi in Dinamom Moskvo, ki sta se letos med seboj večkrat že udarila tudi v rednem delu sezone. Dinamo je bil sicer doslej zmagovalec Lige KHL v sezonah 2011-12 in 2012-13, zato je veliko bolj izkušena ekipa, trenutno pa je izid v zmagah 1:1, zato je Lokomotiva še povsem v igri za napredovanje. Po rednem delu sezone so bili Lokosi sicer na šestem mestu, zbrali so 97 točk, medtem ko jih je tretji Dinamo skupaj 123. Tretjo tekmo serije omenjenih tekmecev si lahko danes ogledate na našem tretjem kanalu SK 3, prenos se začne ob 17:30 v družbi komenatorja Sebastijana Smodiša!\r\n', '2015-03-21', 0, 4, NULL, 'http://www.sportklubtv.si/vesti/3315/khl.jpg'),
(18, 'Zadnje upanje za Medveščak', 'Ljubljana - Zagrebški Medveščak še ohranja minimalno upanje na uvrstitev v končnico lige KHL, a prvi pogoj za napredovanje v izločilne boje je današnja zmaga proti Severstalu, ki prav tako krvavo potrebno potrebuje tri točke. Ekskluzivni prenos srečanja ob 17:00 v živo na SK 3.\r\n\r\nSeverstal je po seriji treh zaporednih zmag, s katerimi je močno okrepil svoje apetite po končnici, v zadnjem krogu doma klonil proti močno oslabljenem Sibiru. Razočaranje v ekipi iz Čerepovca je bilo veliko, končnice pa kljub temu še niso odpisali. "Fantje so imeli željo, vedeli smo, da nasprotnik prihaja močno oslabljen, vendar to enostavno ni bila naša tekma. Že v prvi tretjini sem videl, da nam ne gre dobro, delali smo napake in nismo imeli hitrosti in povezanosti. Vratar nas je držal v igri v prvi tretjini. Na tej tekmi nam je nekaj manjkalo in jasno je, da je moštvo vznemirjeno, toda pred Medveščakom večjih sprememb ne bo," je po porazu s Sibirom dejal trener Severstala, Igor Petrov.\r\n\r\nŠe nekoliko v težjem položaju od Severstala je Medveščak. Zagrebčani v nasprotju s svojimi današnjim nasprotnikom, ki za odrešilnim osmim mestom zaostaja pet točk, za končnico zaostaja deset točk. Zmaga v Čerepovcu je nujna pa tudi v tem primeru bi ostali izločilni boji oddaljeni svetlobna leta. "Nič več ne zbiram, računam, nič ne načrtujem. To je velik stres! Pričakujem od moštva, da da vse od sebe, da pokaže, da niso izgubili upanja, da se trudi. Če si bo ekipa po vsem zagotovila končnico, bo to čudež, a kot pravim, vse je na njih," je pred zadnjimi tekmami rednega dela na igralce pritisnil predsednik medvedov Damir Gojanović.\r\n\r\nAlfa in omega zagrebškega kluba je še dodal, da bi najboljši igralci utegnili zapustiti ekipo, v kolikor bodo ostali brez možnosti za preboj v končnico, ter da bo Medveščak tudi naslednje leto ostal del druge najmočnejše hokejske lige na svetu.\r\n', '2015-03-21', 0, 4, NULL, 'http://www.sportklubtv.si/vesti/3209/medvescak_fb.jpg'),
(19, 'Medveščak po drugo zmago proti Dinamu', 'Ljubljana - Medveščak še vedno ohranjanje upanje na preboj v končnico, čeprav je slednje vse manjše. Zagrebčani danes gostujejo v Minsku pri tamkajšnjem Dinamu, ki so ga pred desetimi dnevi premagali pred svojimi gledalci. Ekskluzivni prenos srečanja od 17:00 naprej na SK 3.\r\n\r\nDinamo se po štirih gostujočih tekmah brez zmage le vrača v svojo dvorano, kjer jih danes čaka Medveščak. Zagrebčani so v zadnjem krogu klonili proti zvezdniškemu SKA, a z zadnjimi predstavami dokazali, da lahko premagajo praktično vsako ekipo. To je na svoji koži pred desetimi dnevi izkusila tudi ekipa iz Minska, ki je Zagreb zapustila praznih rok. Po porazu proti medvedom je Dinamo klonil še proti Magnitki, Avtomobilistu in Barsu. "Naša igra proti Magnitki in Barsu ni bila slaba, dali smo vse od sebe in sami sebi dokazali, da lahko proti katerikoli ekipi v ligi igramo brez težav. Proti Barsu nas je zlomil njihov vratar, ki ga nismo mogli premagati kljub številnim priložnostim," je dejal nekdanji napadalec Medveščaka, danes pa ostrostrelec Dinama Charles Linglet.\r\n\r\nDa Medveščak danes čaka vse prej kot enostavna naloga, kaže tudi podatek, da je Dinamo na domačem ledu na 23 tekmah klonil le šestkrat. Zagrebčani se kljub temu po pričakovanem porazu proti SKA hitro želijo vrniti na zmagovita pota. "Moramo vrniti energijo in se vrniti na delo, saj nas v torek čaka težka tekma proti Dinamu. Zadnjič, ko smo igrali na našem ledu, smo proti njim odigrali odlično, kar moramo ponoviti tudi v Minsku. Moramo zapreti njihove najboljše igralce," napoveduje kapetan Medveščaka Andrew Murray.', '2015-03-21', 0, 4, NULL, 'http://www.sportklubtv.si/vesti/3144/medvescak_2014_soban_fb.jpg'),
(20, 'V Sočiju tekma vseh zvezd Lige KHL!', 'Ljubitelji hokeja na ledu boste nocoj na Sport Klubu prišli na svoj račun, saj je v vzhodnoevropski hokejski ligi KHL ta konec tedna na sporedu prav posebna tekma, All-Star obračun med Zahodno in Vzhodno konferenco, ki postaja del tradicije, saj bodo letos Rusi ta dvoboj organizirali že sedmič. Letos bo dvoboj gostila Dvorana Bolšoj v Sočiju, ki je lani gostila tudi zimske olimpijske igre, na katerih je nastopila tudi slovenskega hokejska reprezentanca. V ligi KHL je torej na sporedu odmor, saj bo All-Star tekma postregla z obračunom največjih zvezdnikov lige, med katerimi letos, na žalost, ni Slovencev, zato pa bo imel svojega predstavnika na zvezdniški tekmi zagrebški Medveščak ... Zaigral bo napadalec Pascal Pelletier, ki bo nosil številko 19. Zdi se, da je na papirju ekipa Zahoda nekoliko močnejša, vse hokejiste pa so z glasovanjem sicer izbrali navijači. Tekmo si lahko nocoj ob 15:15 v živo ogledate na kanalu SK 2, v vaši družbi bo komentator Sebastijan Smodiš!\r\n\r\nPrva tekma All-Star se je igrala že leta 2009, ko je na Rdečem trgu v Moskvi Ekipa Jaromira Jagra s 7:6 premagala ekipo Alekseja Jašina. Jagrova ekipa tujcev je bila boljša tudi v letih 2010 in 2011 v Minsku oz. Sankt Petersburgu, od leta 2013 pa se po vzoru severnoameriške lige NHL med seboj merita preprosto Zahod in Vzhod. Letos naslov brani ekipa Zahoda, ki je lani v Bratislavi v Slovnaft Areni Vzhod premagala z rezultatom 18:16.\r\n', '2015-03-21', 0, 4, NULL, 'http://www.sportklubtv.si/vesti/3076/bolsoj.jpg'),
(21, 'Đoković, Federer in Nadal brez težav', 'Ljubljana - Turnir v Indian Wellsu prihaja v drugi del, ki prinaša vse boljše in kvalitetnejše obračune. Novak Đoković, Roger Federer in Rafael Nadal na prvih ovirah brez težav.\r\n\r\nPrvi nosilec in favorit Novak Đoković je Marcosa Baghdatisa odpravil v vsega eni uri s 6:1 in 6:3. V naslednjem krogu ga čaka Albert Ramos-Vinolas. "Zadovoljen sem s svojo igro. Seveda mi je zmaga na OP Avstralije dala dodatne samozavesti za prihajajoče turnirje. Samozavesten sem, ko pridem na igrišče, kot tudi zaradi dejstva, da sem imel tu v preteklosti dobre rezultate. To je nekaj, kar je pozitivno in nadejam se, da bom zadržal ta občutek tudi v prihodnje," si je zaželel Đoković.\r\n\r\nNE SPREGLEJTE: Turnir iz Indian Wellsa vsak dan od 19:00 naprej spremljajte v živo na programih Sport Kluba!\r\nRoger Federer je na prvi stopnički s 6:2 in 6:4 odpihnil Diega Schwartzmana. Švicar je za zmago proti Argentincu potreboval vsega 63 minut, v tem času ni nasprotniku niti enkrat ponudil možnosti za odvzem servisa in si priigral povratni obračun z Andreasom Seppijem, ki mu je v Avstraliji zadal prvi poraz v enajstih medsebojnih obračunih. "Nad igro v Avstraliji sem bil zelo razočaran. Vem, da on lahko igra dobro in me premaga, toda to ni težava. Težava je to, kako sem udarjal žogico, nisem bil osredotočen. Bil je težak dvoboj. On je naredil dober posel, pritiskal je na mene, tokrat pa se nadejam, da bo zame bolje. Pripravljen bom, ni dvoma in vesel sem, da se bom tako kmalu znova srečal z njim," je dejal Švicar.\r\n\r\nRafael Nadal je za zmago proti Igorju Sijslinga potreboval deset minut več od Federerja (6:4, 6:2). Španec je odlično igral predvsem na svoj servis, na katerega je izgubil samo sedem točk. V 3. krogu ga čaka domačin Donald Young. Spomnimo, da je Rafa v kalifornijski puščavi lani izpadel ravno v 3. krogu, letos pa napada iz sence, saj so že pred začetkom turnirja iz njegovega tabora prihajale novice, da še ni 100 odstotno pripravljen.\r\n\r\nSlovo Hercogove\r\nPri dekletih je Serena Williams zelo čustveno odigrala svoj prvi dvoboj v Indian Wellsu po 14 letih. Američanka je Romunko Monico Niculescu odpravil s 7:5 in 7:5. "Bilo je zelo čustveno. Nisem vedela, kaj naj storim," je dejala Williamsova. Naša edina predstavnica med posameznicami Polona Hercog je v 2. krogu klonila proti Francozinji Caroline Garcia po treh nizih - 6:4, 6:7, 6:4.\r\n', '2015-03-21', 0, 5, NULL, 'http://www.sportklubtv.si/vesti/3418/djokovic_getty_images.jpg');
INSERT INTO `novice` (`id_novica`, `naslov`, `besedilo`, `datum`, `ogledi`, `id_kategorija`, `yt`, `slika`) VALUES
(22, 'Indian Wells 2015 na Sport Klubu: Nole in Serena favorita!', 'V poldrugem tednu, ki je pred nami, boste na Televiziji Sport Klub na svoj račun prišli ljubitelji tenisa, saj se v Indian Wellsu v Kaliforniji začenja znameniti masters turnir serije 1000, na katerem bodo sodelovala praktično vsak največja teniška imena ta hip, tako med moško, kot tudi žensko konkurenco. Turnir, ki se zaradi sponzorja uradno imenjue BNP Paribas Open, je samo eden izmed dveh turnirjev na ATP turneji, kjer redni del tekmovanja traja več kot osem dni. Na turnirju skupaj v rednem delu sodeluje 96 tenisačev in tenisačic, 32 najbolje postavljenih igralcev pa je avtomatično že uvrščenih v drugi krog. Indian Wells, ki je tradicionalno vedno na sporedu v mesecu marcu in se igra na igriščih s trdo podlago, je peti najbolj obiskani turnir na svetu, takoj za turnirji t.i. velike četverice, saj se v povprečju na tribunah vsako leto skupaj zbere kar 370 tisoč gledalcev. Indian Wells se sicer nahaja v Dolini Coachella, približno 200 kilometrov od središča Los Angelesa, tekme pa se igrajo v luksuznem kompleksu Teniški vrt, zgrajenem leta 2000, ki vključuje kar 20 igrišč, pa tudi glavni stadion s kapaciteto 16100 sedežev. Od leta 2013 obstaja še drugi stadion, ki sprejme osem tisoč gledalcev. S prenosi z Indian Wellsa prvič začnemo jutri na našem prvem programu SK 1 ob 23:45, neposredno po zaključku oddaje Lige prvakov, ko bomo prenašali prve ženske dvoboje iz Kalifornije. Moško konkurenco boste na delu prvič lahko videli v četrtek na programu SK 2 ob 19. uri! Obe finalni tekmi med posamezniki se igrata šele prihodnji konec tedna; ženski finale bo komentiral Boris Detiček, moškega pa Peter Pevc.\r\n\r\nVLADAVINO VELIKE TROJKE LETA 2010 ZMOTIL ZGOLJ LJUBIČIĆ\r\n\r\nIndian Wells je največji turnir po Odprtem prvenstvu Avstralijev Melbournu, hkrati pa simbolično pomeni začetek petmesečne neprestane teniške akcije. Med moško konkurenco letos ni izrazitega favorita za zmago, čeprav v ožji krog kandidatov za končno zmagoslavje lahko štejemo znana imena, kot so Novak Djoković, Roger Federer in Rafael Nadal. Omenjena trojka v Kaliforniji kraljuje vse od leta 2004, vmes je njeno vladavino prekinil samo Hrvat Ivan Ljubičić leta 2010. \r\n\r\nSicer pa ima med aktivnimi igralci Roger Federer največj naslovov, štiri, s po tremi pa sledita še Novak Djoković in Rafael Nadal. Prva dva sta se med seboj letos že srečala v finalu ATP turnirja v Dubaju, vseeno pa stavnice največ možnosti dajejo prav letošnjemu branilcu naslova, 27-letnemu Srbu. Nadal na zmago na igrišču s trdo podlago na zmago čaka od dohe 2014, zadnji turnir pa je dobil v Buenos Airesu.\r\n\r\nKAJ ZMORE NEUSTRAŠNI MLADENIČ ĆORIĆ?\r\n\r\nMed najbolj presenetljivimi novimi imeni v Indian Wellsu gre izpostaviti mladega hrvaškega tenisača Borno Ćorića, ki ima za seboj nepozabni mesec februarj, saj se je kot "lucky loser" uvrstil v redni del ATP turnirja v Dubaju in nato na poti do polfinala izločil tudi Andyja Murrayja. Trenutno je 18-letnik 61. igralec sveta, je najvišje v karieri, čez noč pa je nase opozoril tudi največje teniške ase, da nanj ne gledajo več kot talenta za prihodnost, pač pa kot na neustrašnega mladeniča, ki jih na dober dan lahko premaga že danes!\r\n\r\nPozornost svetovne teniške javnosti pa bo to pot usmerjena tudi v Argentinca Juana Martina del Potra, ki je dobil povabilo organizatorjev turnirja, saj se na teniška igrišča po hudi poškodbi zapestja vrača praktično po letu dni. Omeniti moramo tudi Japonca Keia Nišikorija, ki na turnir prihaja kot četrti igralec sveta, nase pa je opozoril z zmago v Memphisu in nastopu v finalu v Acapulcu.\r\n\r\n\r\nSERENA INDIAN WELLS BOJKOTIRALA OD LETA 2001 ... DO LETOS\r\n\r\nPrva tema pred začetkom ženskega dela turnirja je vrnitev Serene Williams v Indian Wells po 14 letih, saj je vse od leta 2001 nastop v Kaliforniji bojkotirala. Prav na tem turnirju je Serena leta 1999 prvič zmagala v seriji WTA po dramatičnem obračunu z Nemko Steffi Graf, dve leti pozneje pa je premagala še Kim Clijsters. Leta 2001 je v polfinalu njena sestra Venus težkopričakovani sestrski obračun predala zaradi poškodbe, ameriški mediji pa so špekulirali, da sta medsebojne dvoboje prirejali.\r\n\r\nSereno so gledalci v finalu izžvižgali, zato se vse do danes v Indian Wellsu skupaj z Venus nista več pojavili. Serena se letos pri 33 letih vendarle vrača kot najstarejša ženska številka 1 vseh časov, da bi po svojih besedah spisala drugačen zaključek zgodbe v Indian Wellsu. Vsi pričakujejo vnovičen obračun mlajše sestre Williams z Rusinjo Mario Šarapovo, toda tretjepostavljena Romunka Simona Halep, ki je v odlični formi, ima svoje načrte.', '2015-03-21', 0, 5, NULL, 'http://www.sportklubtv.si/vesti/3377/479173533.jpg'),
(23, 'Slovaki tudi s Kližanom, Slovenci že preizkusili podlago', 'Ljubljana - Slovenska teniška reprezentanca za Davisov pokal, ki jo konec tedna v Bratislavi čaka obračun s Slovaki, je že preizkusila podlago v Aegon Areni. Nastop potrdil prvi slovaški igralec Martin Kližan, nastop Blaža Kavčiča še vedno pod vprašajem. Prva dva posamična dvoboja v petek ob 15:00 ekskluzivno na SK 1!\r\n\r\nSlovaško-slovenski obračun v okviru prve Evro-afriške skupine Davisovega pokala bo potekal na trdi podlagi čudovite Aegon Arene v Bratislavi. Vse do petka bodo Grega Žemlja, Blaž Kavčič, Mike Urbanija in Tom Kočevar-Dešman pod vodstvom kapetana Blaža Trupeja poskušali izpiliti igro, da se bodo kar najbolje uprli favorizirani domači reprezentanci, v kateri bo igral tudi njihov najboljši mož Martin Kližan (42. na ATP). Slednji je  kapetanu Miloslavu Mečirju najprej sporočil, da bo dal prednost turnirju v Indian Wellsu, a si je v nedeljo zvečer premislil.\r\n\r\n"Dolgo sem premišljeval, nato pa sem se odločil, da bom igral v pokalu Davis. Na tekme Davisovega pokala pride veliko ljudi, veliko otrok, predvsem pa mladi, obetavni slovaški igralci. Ko sem bil mlad sem šel gledat Kučero in Hrbatya in poznam to radost. Igranje v Davis Cupu je odgovornost, zato bom nastopil za ekipo, čeprav bo moja priprava na Indian Wells zelo trpela," je razloge za nastop na novinarski konferenci razkril Kližan, zadovoljen je tudi slovaški trener: "Pozdravljam odločitev Martina. Vesel sem, da si je premislil, s tem bo naša ekipa še močnejša. V ekipi so se sedaj premešale karte, vendar sem vesel."\r\n\r\nZ nastopom Kližana bo nekoliko v ozadje potisnjen Lukaš Lacko, ki pa bo razbremenjen bremena prve violine lahko zaigral še boljše.\r\n\r\nNastop Kaviča še pod vprašajem\r\nKoga bo Trupej poslal v boj s Slovaki, še ni dokončno znano. Nastop Kavčiča je še vedno pod vprašajem, saj je bil pred kratkim na operaciji stopala. Počutje Kavčiča je vse boljše, bolečine v nogi pa so še vedno prisotne. Žemlja se počasi vrača na najvišjo raven. Kranjčan je pred kratkim osvojil Futures v Iranu (po naporni poti je v Bratislavo prišel utrujen, vseeno pa je zadovoljen z rezultati in igro ter fizičnim počutjem). Čeprav še ni v najboljši formi, ni pozabil igrati tenisa in vsaka točka bi bila zlata vredna. Trupej bo ekipo določil tik pred zdajci. Urbanija in Kočevar-Dešman zaenkrat nimata težav in se normalno pripravljata na srečanje.', '2015-03-21', 0, 5, NULL, 'http://www.sportklubtv.si/vesti/3331/zemlja_kavcic_trupej_tzs.jpg'),
(24, 'Rafa po zmagi prehitel Murrayja, Đoković ostaja kralj', 'Ljubljana - Minuli konec tedna ni prinesel večjih sprememb na lestvici ATP. Na vrhu ostaja Novak Đoković pred Rogerjem Federerjem, je pa Rafael Nadal s prvo turnirsko zmago po osmih mesecih na tretjem mestu prehitel Andyja Murrayja. Prihodnji konec tedna v znamenju Davisovega pokala. Na programih Sport Kluba ekskluzivno dvoboj Slovaške in Slovenije!\r\n\r\n"Vsi naslovi so pomembni, toda za to zmago sem res vesel, saj nisem slavil že dolgo časa," je bil po zmagi v Buenos Airesu zadovoljen peščeni kralj Rafael Nadal. Za Španca je bila to prva turnirska zmaga po osmih mesecih suše, skupno pa že 63., s čimer je na večni lestvici odprte ere tenisa na petem mestu prehitel legendarna Peta Samprasa in Bjorna Borga: "Oba imata impresivno zgodovino. Zaradi tega je posebna čast, ko me primerjate z njima." S 109 osvojenimi turnirji na prvem mestu še naprej premočno vodi Jimmy Connors, ki mu sledita Ivan Lendl (94) in Roger Federer (84), ki je zadnjo zmago slavil minuli konec tedna v Dubaju, ko je premagal prvega igralca sveta Novaka Đokovića.\r\n\r\nRafa je ob številnih prekinitvah zaradi dežja domačega matadorja Juana Monaca premagal po uri in 27 minutah igre (6:4, 6:1), potem ko je izkoristil štiri od devetih priložnosti za brejk, medtem ko sam nasprotniku ni ponudil niti ene priložnosti za odvzem servisa.\r\n\r\nNadal je z zmago v Argentini, s čimer je zaokrožil naslove na vseh štirih turnirjih serije Golden Swing, ki se tradicionalno igrajo februarja na peščenih igriščih Latinske Amerike, na lestvici ATP skočil na tretje mesto. Na vrhu ostaja Đoković pred Federerjem. Na četrtem mestu je sedaj Kei Nišikori, Andy Murray pa je iz tretjega padel na peto mesto.\r\n\r\nKonec tedna v znamenju Davisovega pokala\r\nPred selitvijo v ZDA tenisače čakajo še obveznosti v Davisovem pokalu. Na programih Sport Kluba bosta od petka do nedelje lahko spremljali obračun med Slovaško in Slovenijo ter tudi dvoboj večnih rivalov - Velike Britanije in ZDA.', '2015-03-21', 0, 5, NULL, 'http://www.sportklubtv.si/vesti/3310/nadal_monte_carlo_getty_images.jpg'),
(25, 'ATP 500 v Acapulcu na Sport Klubu; Dimitrov brani naslov', 'V Acapulcu v Mehiki se nocoj začenja naslednji pomembni teniški turnir serije 500 v karavani ATP, tudi na tem turnirju pa so lani prekinili kar 20 let dolgo tradicijo in teniške dvoboje s peščene podlage preselili na modro podlago. Acapulco vseeno še naprej zaradi svoje geografske lege na pacifiški obali, gre za najbolj znano mehiško letovišče sploh, ostaja izjemno priljubljen turnir med teniško karavano, tudi letos pa bo igralska zasedba izjemno močna. Naslov prvaka iz lanskega leta bo sicer branil enajstopostavljeni nosilec sveta Grigor Dimitrov, ki je lani v finalu premagal Kevina Andersona, kakopak ob premierni finalu na modri podlagi. Acapulco je leta 2007 dobil nagrado za najboljši turnir v svoji kategorije (je eden izmed 11 turnirjev serije 500), letos pa Dimitrov na njem lovi svojo prvo lovoriko v letošnji sezoni, potem ko je v Brisbanu že igral v polfinalu, na Odprtem prvenstvu Avstralije pa se je uspel uvrstiti v četrti krog. Teniški prenosi iz Acapulca bodo na Televiziji Sport Klub potekali ves teden do nedelje, nocoj si jih lahko v živo najprej ogledate na našem prvem programu, najprej od 23. ure dalje in nato ponovno ob 3. uri zjutraj!\r\n\r\nV izjemni formi v Acapulco letos prihaja tudi peti teniški igralec sveta Kei Nišikori, ki je pred dvema tednoma zmagal v Memphisu, sicer pa je v Mehiki na omenjem turnirju debitiral že leta 2012, a nato izpadel v drugem krogu. Španec David Ferrer za razliko od Japonca v Acapulcu naskakuje že svojo četrto lovoriko, potem ko je tu zmagal trikrat zapored med leti 2010 in 2012. Z željami po zmagi pa na pacifiško obalo prihaja tudi Aleksandr Dolgopolov, ki se je v letih 2011 in 2014 na tem turnirju že uvrstil v polfinale.\r\n\r\nMed zanimivi teniškimi pari v zgornji polovici razpredelnice je sicer tudi obračun Hrvata Ivana Dodiga in Steva Johnsona ter Daniela Garze in Viktorja Troickega. V spodnjem delu razpredelnice najdemo pare Ivo Karlović - Tejmuraz Gabašvili, Benjamin Becker - Tobias Kamke in Marinko Matosevic - Marcel Granollers. Bodite že nocoj v naši družbi!\r\n', '2015-03-21', 0, 5, NULL, 'http://www.sportklubtv.si/vesti/3275/80079494.jpg');

-- --------------------------------------------------------

--
-- Struktura tabele `status`
--

CREATE TABLE IF NOT EXISTS `status` (
`id_status` int(2) NOT NULL,
  `status` varchar(15) COLLATE utf8_slovenian_ci NOT NULL
) ENGINE=InnoDB  DEFAULT CHARSET=utf8 COLLATE=utf8_slovenian_ci AUTO_INCREMENT=3 ;

--
-- Odloži podatke za tabelo `status`
--

INSERT INTO `status` (`id_status`, `status`) VALUES
(1, 'administrator'),
(2, 'uporabnik');

-- --------------------------------------------------------

--
-- Struktura tabele `uporabniki`
--

CREATE TABLE IF NOT EXISTS `uporabniki` (
`id_uporabnik` int(15) NOT NULL,
  `ime` varchar(15) COLLATE utf8_slovenian_ci NOT NULL,
  `priimek` varchar(15) COLLATE utf8_slovenian_ci NOT NULL,
  `uporabnisko` varchar(25) COLLATE utf8_slovenian_ci NOT NULL,
  `geslo` varchar(25) COLLATE utf8_slovenian_ci NOT NULL,
  `email` varchar(50) COLLATE utf8_slovenian_ci NOT NULL,
  `status` int(1) NOT NULL
) ENGINE=InnoDB  DEFAULT CHARSET=utf8 COLLATE=utf8_slovenian_ci AUTO_INCREMENT=4 ;

--
-- Odloži podatke za tabelo `uporabniki`
--

INSERT INTO `uporabniki` (`id_uporabnik`, `ime`, `priimek`, `uporabnisko`, `geslo`, `email`, `status`) VALUES
(1, 'admin', 'admin', 'admin', 'admin', 'admin@gmail.com', 1),
(2, 'test', 'test', 'test', 'test', 'test@gmail.com', 2),
(3, 'test1', 'test1', 'test1', 'test1', 'test1', 2);

--
-- Indeksi zavrženih tabel
--

--
-- Indeksi tabele `kategorije`
--
ALTER TABLE `kategorije`
 ADD PRIMARY KEY (`id_kategorija`);

--
-- Indeksi tabele `novice`
--
ALTER TABLE `novice`
 ADD PRIMARY KEY (`id_novica`);

--
-- Indeksi tabele `status`
--
ALTER TABLE `status`
 ADD PRIMARY KEY (`id_status`);

--
-- Indeksi tabele `uporabniki`
--
ALTER TABLE `uporabniki`
 ADD PRIMARY KEY (`id_uporabnik`);

--
-- AUTO_INCREMENT zavrženih tabel
--

--
-- AUTO_INCREMENT tabele `kategorije`
--
ALTER TABLE `kategorije`
MODIFY `id_kategorija` int(11) NOT NULL AUTO_INCREMENT,AUTO_INCREMENT=6;
--
-- AUTO_INCREMENT tabele `novice`
--
ALTER TABLE `novice`
MODIFY `id_novica` int(11) NOT NULL AUTO_INCREMENT,AUTO_INCREMENT=26;
--
-- AUTO_INCREMENT tabele `status`
--
ALTER TABLE `status`
MODIFY `id_status` int(2) NOT NULL AUTO_INCREMENT,AUTO_INCREMENT=3;
--
-- AUTO_INCREMENT tabele `uporabniki`
--
ALTER TABLE `uporabniki`
MODIFY `id_uporabnik` int(15) NOT NULL AUTO_INCREMENT,AUTO_INCREMENT=4;
/*!40101 SET CHARACTER_SET_CLIENT=@OLD_CHARACTER_SET_CLIENT */;
/*!40101 SET CHARACTER_SET_RESULTS=@OLD_CHARACTER_SET_RESULTS */;
/*!40101 SET COLLATION_CONNECTION=@OLD_COLLATION_CONNECTION */;
